- name: Chris Callison-Burch 
  pic: ccb.png
  url: https://www.cis.upenn.edu/~ccb/
  extra_title: Instructor
  pronouns: he/him
  office_hours: 2 PM - 3 PM, Friday
  location: 

- name: Yue Yang
  pic: yue_yang.png
  url: https://yueyang1996.github.io
  office_hours: 9 AM - 11 AM, Thursday
  location: 
  extra_title: Head TA
  pronouns: he/him


- name: Aditya Singh 
  pic: aditya_singh.png
  url: 
  office_hours:
  location: 
  pronouns: he/him


- name: Amy Guo 
  pic: amy_guo.png
  url: 
  office_hours: 2 PM - 4 PM, Friday
  location: 
  pronouns: she/her


- name: Anna Orosz 
  pic: anna_orosz.jpg
  url: 
  office_hours: noon - 2 PM, Wednesday
  location: 
  pronouns: she/her

- name: Artemis Panagopoulou
  pic: artemis_panagopoulou.jpg
  url: 
  office_hours: 1 PM - 3 PM, Tuesday
  location: 
  pronouns: she/her


- name: Brian Wong
  pic: brian_wong.png
  url: 
  office_hours: 5 PM - 7 PM, Monday
  location: 
  pronouns: he/him


- name: Coco Zhao  
  pic: coco_zhao.png
  url: 
  office_hours: 10 AM - noon+, Monday
  location: 
  pronouns: she/her


- name: Dinesh Jagai
  pic: dinesh_jagai.png
  url: 
  office_hours: 1 PM - 2 PM Friday, and 4 PM - 6 PM on Friday
  location: 
  pronouns: he/him


- name: David Wang 
  pic: david_wang.png
  url: 
  office_hours: noon - 2 PM Friday
  location: 
  pronouns: he/him


- name: Enri Kina 
  pic: enri_kina.png
  url: 
  office_hours: 8PM - 10 PM Friday
  location: 
  pronouns: he/him

- name: Etan Ginsberg 
  pic: etan_ginsberg.png
  url: 
  office_hours:
  location: 
  pronouns: he/him


- name: Hanbang Wang
  pic: hanbang.png
  url: https://www.cis.upenn.edu/~hanbangw/
  office_hours: 8 PM - 10 PM, Monday
  location: 
  pronouns: he/him


- name: Harry Wang  
  pic: harry_wang.png
  url: 
  office_hours: 2 PM - 4 PM, Friday
  location: 
  pronouns: he/him


- name: Harsh Goel 
  pic: harsh_goel.png
  url: 
  office_hours: 4 PM - 6PM, Saturday
  location: 
  pronouns: he/him



- name: Helen Jin
  pic: helen_jin.png
  url: 
  office_hours: 
  location: 
  pronouns: she/her


- name: Henrique Martins dos Santos  
  pic: henrique.png
  url: 
  office_hours:
  location: 
  pronouns: he/him



- name: John Wallison  
  pic: john_wallison.png
  url: 
  office_hours: 7 PM - 9 PM, Tuesday
  location: 
  pronouns: he/him


- name: Kit Wiggin 
  pic: kit_wiggin.png
  url: 
  office_hours: noon - 2 PM+, Monday
  location: 
  pronouns: he/him



- name: Lisa Zhao 
  pic: lisa_zhao.png
  url: 
  office_hours: noon - 2 PM, Friday
  location: 
  pronouns: she/her


- name: Roque Soto Castaneda
  pic: roque-soto-castaneda.png
  url: 
  office_hours: Monday from 5-6 PM, Saturday from 2-4 PM, and Sunday from 3-5 PM Eastern Time
  location: 
  pronouns: he/him


- name: Ruochun Wang 
  pic: ruochun_wang.png
  url: 
  office_hours: Wednesday and Friday 4-6 pm
  location: 
  pronouns: she/her


- name: Samar Haider
  pic: samar_haider.jpg
  url: 
  office_hours: 3 AM - 5 AM+, Monday
  location: 
  pronouns: he/him


- name: Sherry Shi 
  pic: sherry_shi.png
  url: 
  office_hours: 8 PM - 10 PM, Wednesday
  location: 
  pronouns: she/her



- name: Songyu (Eve) Yan 
  pic: songyu_yan.png
  url: 
  office_hours: 
  location: 
  pronouns: she/her



- name: Steven Wang 
  pic: steven_wang.png
  url: 
  office_hours: 6 PM - 8 PM+, Sunday
  location: 
  pronouns: he/him



- name: Viranchi Patel  
  pic: viranchi_patel.png
  url: 
  office_hours: Thursdays 5-7pm ET
  location: 
  pronouns: he/him 


- name: Xavier Lee  
  pic: xavier_lee.png
  url: 
  office_hours: 10 AM - noon, Wednesday
  location: 
  pronouns: he/him 


- name: Xingyu Fu   
  pic: xingyu_fu.png
  url: 
  office_hours:
  location: 
  pronouns: she/her



- name: Yash Upadhyay  
  pic: yash_upadhyay.jpg
  url: 
  office_hours: 9 PM - 11 PM, Tuesday
  location: 
  pronouns: he/him



- name: Yuxuan Harriet Huang  
  pic: yuxuan_huang.png
  url: 
  office_hours: 1 PM - 3 PM, Thursday
  location: 
  pronouns: she/her


- name: Zhi Zheng   
  pic: zhi_zheng.png
  url: 
  office_hours:
  location: 
  pronouns: she/her
